"Region","Wine","Vintage","Size","GBP","IB"
"Alsace","Trimbach, Riesling Clos St Hune","2004","12x75","£3,900","IB"
"aus","Chris Ringland, Hoffmann Shiraz, Barossa Valley","2007","6x75","£2,550","IB"
"aus","Penfolds, Grange, South Australia","2014","6x75","£2,025","IB"
"aus","Penfolds, Grange, South Australia","2011","6x75","£2,395","IB"
"aus","Penfolds, Grange, South Australia","2009","6x150","£3,950","IB"
"aus","Penfolds, Grange, South Australia","2007","6x75","£2,200","IB"
"aus","Penfolds, Grange, South Australia","2003","6x75","£2,220","IB"
"aus","Penfolds, Grange, South Australia","1998","6x75","£2,350","IB"
"bdxr","Carruades de Lafite, Pauillac","2016","12x75","£3,390","IB"
"bdxr","Carruades de Lafite, Pauillac","2016","12x75","£3,500","IB"
"bdxr","Carruades de Lafite, Pauillac","2009","6x150","£3,290","IB"
"bdxr","Carruades de Lafite, Pauillac","2000","12x75","£3,390","IB"
"bdxr","Chateau Ausone Premier Grand Cru Classe A, Saint-Emilion Grand Cru","2019","6x75","£3,155","IB"
"bdxr","Chateau Ausone Premier Grand Cru Classe A, Saint-Emilion Grand Cru","2004","6x75","£2,440","IB"
"bdxr","Chateau Ausone Premier Grand Cru Classe A, Saint-Emilion Grand Cru","2003","12x75","£7,495","IB"
"bdxr","Chateau Calon Segur 3eme Cru Classe, Saint-Estephe","1990","12x75","£2,030","IB"
"bdxr","Chateau Canon Premier Grand Cru Classe B, Saint-Emilion Grand Cru","2020","6x75","£855","IB"
"bdxr","Chateau Cheval Blanc Premier Grand Cru Classe A, Saint-Emilion Grand Cru","2008","6x75","£2,310","IB"
"bdxr","Chateau Cheval Blanc Premier Grand Cru Classe A, Saint-Emilion Grand Cru","1990","3x75","£3,400","IB"
"bdxr","Chateau Cheval Blanc Premier Grand Cru Classe A, Saint-Emilion Grand Cru","1990","6x75","£6,800","IB"
"bdxr","Chateau Cheval Blanc Premier Grand Cru Classe A, Saint-Emilion Grand Cru","1985","6x75","£3,750","IB"
"bdxr","Chateau Cheval Blanc Premier Grand Cru Classe A, Saint-Emilion Grand Cru","1981","12x75","£5,500","IB"
"bdxr","Chateau Dassault Grand Cru Classe, Saint-Emilion Grand Cru","1957","12x75","£1,870","IB"
"bdxr","Chateau Figeac Premier Grand Cru Classe B, Saint-Emilion Grand Cru","1995","12x75","£2,360","IB"
"bdxr","Chateau Haut-Brion Premier Cru Classe, Pessac-Leognan","2017","3x150","£2,030","IB"
"bdxr","Chateau Haut-Brion Premier Cru Classe, Pessac-Leognan","2012","12x75","£4,060","IB"
"bdxr","Chateau Haut-Brion Premier Cru Classe, Pessac-Leognan","1990","3x75","£2,520","IB"
"bdxr","Chateau Haut-Brion Premier Cru Classe, Pessac-Leognan","1989","1x75","£2,150","IB"
"bdxr","Chateau Haut-Brion Premier Cru Classe, Pessac-Leognan","1989","1x75","£2,180","IB"
"bdxr","Chateau Haut-Brion Premier Cru Classe, Pessac-Leognan","1989","1x75","£2,180","IB"
"bdxr","Chateau Haut-Brion Premier Cru Classe, Pessac-Leognan","1989","1x75","£2,180","IB"
"bdxr","Chateau Haut-Brion Premier Cru Classe, Pessac-Leognan","1983","6x75","£2,130","IB"
"bdxr","Chateau La Mission Haut-Brion Cru Classe, Pessac-Leognan","2016","6x75","£1,750","IB"
"bdxr","Chateau La Violette, Pomerol","2009","6x75","£3,800","IB"
"bdxr","Chateau Lafite Rothschild Premier Cru Classe, Pauillac","2018","3x150","£4,060","IB"
"bdxr","Chateau Lafite Rothschild Premier Cru Classe, Pauillac","2017","6x75","£3,400","IB"
"bdxr","Chateau Lafite Rothschild Premier Cru Classe, Pauillac","2016","6x75","£4,160","IB"
"bdxr","Chateau Lafite Rothschild Premier Cru Classe, Pauillac","2011","6x150","£6,800","IB"
"bdxr","Chateau Lafite Rothschild Premier Cru Classe, Pauillac","2008","12x75","£8,200","IB"
"bdxr","Chateau Lafite Rothschild Premier Cru Classe, Pauillac","2006","6x150","","IB"
"bdxr","Chateau Lafite Rothschild Premier Cru Classe, Pauillac","1996","6x75","£5,170","IB"
"bdxr","Chateau Lafite Rothschild Premier Cru Classe, Pauillac","1996","12x75","£10,750","IB"
"bdxr","Chateau Lafite Rothschild Premier Cru Classe, Pauillac","1990","12x75","£9,800","IB"
"bdxr","Chateau Lafite Rothschild Premier Cru Classe, Pauillac","1989","7x75","£4,525","IB"
"bdxr","Chateau Lafite Rothschild Premier Cru Classe, Pauillac","1980","6x75","£3,200","IB"
"bdxr","Chateau Lafleur, Pomerol","2010","6x75","£7,700","IB"
"bdxr","Chateau Latour Premier Cru Classe, Pauillac","2000","12x75","£9,900","IB"
"bdxr","Chateau Leoville Las Cases 2eme Cru Classe, Saint-Julien","2006","12x75","£1,750","IB"
"bdxr","Chateau Leoville Las Cases 2eme Cru Classe, Saint-Julien","2003","12x75","£1,900","IB"
"bdxr","Chateau Leoville Las Cases 2eme Cru Classe, Saint-Julien","1996","12x75","£2,995","IB"
"bdxr","Chateau Leoville Las Cases 2eme Cru Classe, Saint-Julien","1990","6x75","£1,950","IB"
"bdxr","Chateau Margaux Premier Cru Classe, Margaux","1994","12x75","£4,415","IB"
"bdxr","Chateau Margaux Premier Cru Classe, Margaux","1990","3x75","£3,200","IB"
"bdxr","Chateau Margaux Premier Cru Classe, Margaux","1990","6x75","£6,600","IB"
"bdxr","Chateau Margaux Premier Cru Classe, Margaux","1982","3x150","£6,500","IB"
"bdxr","Chateau Montrose 2eme Cru Classe, Saint-Estephe","2003","12x75","£1,980","IB"
"bdxr","Chateau Montrose 2eme Cru Classe, Saint-Estephe","1990","12x75","£7,500","IB"
"bdxr","Chateau Montrose 2eme Cru Classe, Saint-Estephe","1989","12x75","£5,870","IB"
"bdxr","Chateau Mouton Rothschild Premier Cru Classe, Pauillac","2019","6x75","£2,950","IB"
"bdxr","Chateau Mouton Rothschild Premier Cru Classe, Pauillac","1989","12x75","£5,095","IB"
"bdxr","Chateau Palmer 3eme Cru Classe, Margaux","2007","12x75","£2,590","IB"
"bdxr","Chateau Pavie Decesse Grand Cru Classe, Saint-Emilion Grand Cru","2005","12x75","£1,775","IB"
"bdxr","Chateau Pavie Premier Grand Cru Classe B, Saint-Emilion Grand Cru","2000","6x75","£2,620","IB"
"bdxr","Chateau Pichon Baron 2eme Cru Classe, Pauillac","2001","12x75","£1,860","IB"
"bdxr","Chateau Pichon Baron 2eme Cru Classe, Pauillac","2001","6x150","£1,860","IB"
"bdxr","Chateau Pichon Longueville Comtesse de Lalande 2eme Cru Classe, Pauillac","1982","12x75","£13,000","IB"
"bdxr","Cos d'Estournel 2eme Cru Classe, Saint-Estephe","2010","12x75","£2,310","IB"
"bdxr","Duclot, Caisse Prestige Assortment Case","2000","6x75","£8,500","IB"
"bdxr","Le Pin, Pomerol","2009","6x75","£27,500","IB"
"bdxr","Le Pin, Pomerol","2000","6x75","£26,500","IB"
"bdxr","Le Pin, Pomerol","1997","6x150","£29,000","IB"
"bdxr","Le Pin, Pomerol","1992","1x600","£17,000","IB"
"bdxr","Les Forts de Latour, Pauillac","2006","12x75","£1,920","IB"
"bdxr","Liber Pater, Denarius, Graves","2018","6x75","£2,630","IB"
"bdxr","Liber Pater, Denarius, Graves","2015","6x75","£3,000","IB"
"bdxr","Pavillon Rouge du Chateau Margaux, Margaux","2009","12x75","£1,770","IB"
"bdxr","Pavillon Rouge du Chateau Margaux, Margaux","2007","3x300","£1,775","IB"
"bdxr","Pavillon Rouge du Chateau Margaux, Margaux","2005","12x75","£1,760","IB"
"bdxr","Petrus, Pomerol","2019","1x75","£4,930","IB"
"bdxr","Petrus, Pomerol","2017","1x75","£2,830","IB"
"bdxr","Petrus, Pomerol","2015","6x75","£24,500","IB"
"bdxr","Petrus, Pomerol","2014","3x75","£8,450","IB"
"bdxr","Petrus, Pomerol","2005","1x75","£3,750","IB"
"bdxr","Petrus, Pomerol","1992","6x75","£15,000","IB"
"bdxr","Petrus, Pomerol","1992","6x75","£17,000","IB"
"bdxr","Petrus, Pomerol","1988","1x150","£5,500","IB"
"bdxr","Petrus, Pomerol","1987","12x75","£22,200","IB"
"bdxr","Petrus, Pomerol","1986","1x75","£1,880","IB"
"bdxr","Petrus, Pomerol","1984","1x75","£2,050","IB"
"bdxr","Petrus, Pomerol","1981","1x75","£1,800","IB"
"bdxr","Trilogie L13.14.15, Le Pin, Pomerol","NV","6x75","£2,300","IB"
"bdxr","Vieux Chateau Certan, Pomerol","2019","1x600","£1,940","IB"
"bdxr","Vieux Chateau Certan, Pomerol","2019","12x75","£2,945","IB"
"bdxr","Vieux Chateau Certan, Pomerol","2016","6x75","£1,960","IB"
"bdxr","Vieux Chateau Certan, Pomerol","2001","12x75","£2,470","IB"
"bdxr","Vieux Chateau Certan, Pomerol","1986","12x75","£2,260","IB"
"bdxw","Chateau d'Yquem Premier Cru Superieur, Sauternes","2004","6x150","£2,995","IB"
"bdxw","Chateau Haut-Brion, Blanc, Pessac-Leognan","2017","3x75","£2,140","IB"
"bdxw","Chateau Haut-Brion, Blanc, Pessac-Leognan","2016","3x75","£2,500","IB"
"bdxw","Chateau Haut-Brion, Blanc, Pessac-Leognan","2011","6x75","£4,520","IB"
"bdxw","Chateau Haut-Brion, Blanc, Pessac-Leognan","2008","6x75","£4,490","IB"
"bdxw","Chateau Haut-Brion, Blanc, Pessac-Leognan","2007","6x150","£8,600","IB"
"bdxw","Chateau Haut-Brion, Blanc, Pessac-Leognan","2007","12x75","£8,970","IB"
"bdxw","Chateau Haut-Brion, Blanc, Pessac-Leognan","2006","6x75","£4,880","IB"
"bdxw","Chateau Haut-Brion, Blanc, Pessac-Leognan","2006","6x75","£4,850","IB"
"bdxw","Chateau Haut-Brion, Blanc, Pessac-Leognan","2004","6x75","£4,490","IB"
"bdxw","Chateau Haut-Brion, Blanc, Pessac-Leognan","2003","6x75","£4,210","IB"
"bdxw","Chateau Haut-Brion, Blanc, Pessac-Leognan","2002","6x75","£4,330","IB"
"bdxw","Chateau La Mission Haut-Brion, Blanc, Pessac-Leognan","2016","6x75","£2,925","IB"
"bdxw","Chateau Laville Haut-Brion, Cru Classe, Pessac-Leognan","2008","12x75","£2,600","IB"
"bgnr","Albert Bichot, Chambertin Grand Cru","2018","6x75","£2,055","IB"
"bgnr","Albert Bichot, Chambolle-Musigny Premier Cru, Les Amoureuses","2020","3x150","£1,780","IB"
"bgnr","Bernard Dugat-Py, Charmes-Chambertin Grand Cru, Vieilles Vignes","2017","6x75","£2,700","IB"
"bgnr","Bernard Dugat-Py, Gevrey-Chambertin Premier Cru, Petite Chapelle Vieilles Vignes","2020","6x75","£2,390","IB"
"bgnr","Bouchard Pere et Fils, Chambertin-Clos de Beze Grand Cru","2020","6x75","£2,910","IB"
"bgnr","Bouchard Pere et Fils, Chambertin-Clos de Beze Grand Cru","2019","6x75","£1,950","IB"
"bgnr","Bouchard Pere et Fils, La Romanee Grand Cru","2002","6x75","£20,230","IB"
"bgnr","Bouchard Pere et Fils, La Romanee Grand Cru","2001","6x75","£6,000","IB"
"bgnr","Buisson-Charles, Chapelle-Chambertin Grand Cru","2020","12x75","£3,460","IB"
"bgnr","Charles Lachaux, Bourgogne, La Croix Blanche Rouge","2018","6x75","£4,600","IB"
"bgnr","Charles Lachaux, Gevrey-Chambertin, Reniard","2018","6x75","£8,670","IB"
"bgnr","Charles Lachaux, Volnay Premier Cru, Santenots","2018","6x75","£10,750","IB"
"bgnr","Charles van Canneyt, Chambertin Grand Cru","2019","6x75","£2,115","IB"
"bgnr","Charles van Canneyt, Chambertin Grand Cru","2015","6x75","£1,730","IB"
"bgnr","Charles van Canneyt, Mazis-Chambertin Grand Cru","2019","6x75","£2,055","IB"
"bgnr","Clos de Tart, Clos de Tart Grand Cru","2020","3x75","£2,230","IB"
"bgnr","Domaine Albert Bichot (Clos Frantin), Chambertin Grand Cru","2015","6x75","£1,700","IB"
"bgnr","Domaine Anne Gros, Echezeaux Grand Cru, Les Loachausses","2016","6x75","£1,790","IB"
"bgnr","Domaine Anne-Francoise Gros, Richebourg Grand Cru","2012","6x75","£4,930","IB"
"bgnr","Domaine Arlaud, Bonnes Mares Grand Cru","2008","6x75","£1,730","IB"
"bgnr","Domaine Armand Rousseau, Gevrey-Chambertin","2014","6x75","£2,930","IB"
"bgnr","Domaine Armand Rousseau, Gevrey-Chambertin","2012","6x75","£2,560","IB"
"bgnr","Domaine Armand Rousseau, Gevrey-Chambertin","2011","6x75","£2,560","IB"
"bgnr","Domaine Arnoux-Lachaux, Echezeaux Grand Cru","2013","6x75","£5,255","IB"
"bgnr","Domaine Arnoux-Lachaux, Echezeaux Grand Cru","2010","6x75","£4,470","IB"
"bgnr","Domaine Arnoux-Lachaux, Latricieres-Chambertin Grand Cru","2018","3x75","£15,820","IB"
"bgnr","Domaine Arnoux-Lachaux, Latricieres-Chambertin Grand Cru","2009","6x75","£3,975","IB"
"bgnr","Domaine Arnoux-Lachaux, Nuits-Saint-Georges Premier Cru, Les Proces","2019","6x75","£9,840","IB"
"bgnr","Domaine Arnoux-Lachaux, Nuits-Saint-Georges Premier Cru, Les Proces","2018","6x75","£8,610","IB"
"bgnr","Domaine Arnoux-Lachaux, Nuits-Saint-Georges Premier Cru, Les Proces","2015","6x75","£6,770","IB"
"bgnr","Domaine Arnoux-Lachaux, Nuits-Saint-Georges, Les Poisets","2019","6x75","£9,190","IB"
"bgnr","Domaine Arnoux-Lachaux, Nuits-Saint-Georges, Les Poisets","2015","6x75","£3,775","IB"
"bgnr","Domaine Arnoux-Lachaux, Romanee-Saint-Vivant Grand Cru","2012","3x75","£4,025","IB"
"bgnr","Domaine Arnoux-Lachaux, Vosne-Romanee Premier Cru, Les Suchots","2013","6x75","£4,035","IB"
"bgnr","Domaine Arnoux-Lachaux, Vosne-Romanee, Les Hautes Maizieres","2019","6x75","£10,750","IB"
"bgnr","Domaine Bouchard Pere et Fils, Echezeaux Grand Cru","2012","6x75","£1,810","IB"
"bgnr","Domaine Comte Georges de Vogue, Bonnes Mares Grand Cru","2019","3x75","£1,730","IB"
"bgnr","Domaine Comte Georges de Vogue, Chambolle-Musigny","2006","6x75","£2,085","IB"
"bgnr","Domaine Comte Georges de Vogue, Musigny Grand Cru, Cuvee Vieilles Vignes","2018","3x75","£2,980","IB"
"bgnr","Domaine de la Romanee-Conti, Corton Grand Cru, Prince Florent de Merode","2019","3x75","£8,710","IB"
"bgnr","Domaine de la Romanee-Conti, Corton Grand Cru, Prince Florent de Merode","2011","3x75","£7,715","IB"
"bgnr","Domaine de la Romanee-Conti, Echezeaux Grand Cru","2015","1x75","£3,170","IB"
"bgnr","Domaine de la Romanee-Conti, Echezeaux Grand Cru","2012","6x75","£18,250","IB"
"bgnr","Domaine de la Romanee-Conti, Echezeaux Grand Cru","2011","3x75","£8,400","IB"
"bgnr","Domaine de la Romanee-Conti, Echezeaux Grand Cru","2007","6x75","£18,250","IB"
"bgnr","Domaine de la Romanee-Conti, Echezeaux Grand Cru","2006","3x75","£9,145","IB"
"bgnr","Domaine de la Romanee-Conti, Echezeaux Grand Cru","2004","3x75","£8,650","IB"
"bgnr","Domaine de la Romanee-Conti, Echezeaux Grand Cru","2000","1x75","£3,145","IB"
"bgnr","Domaine de la Romanee-Conti, Grands Echezeaux Grand Cru","2019","6x75","£24,070","IB"
"bgnr","Domaine de la Romanee-Conti, Grands Echezeaux Grand Cru","2017","2x75","£6,500","IB"
"bgnr","Domaine de la Romanee-Conti, Grands Echezeaux Grand Cru","2014","1x75","£3,500","IB"
"bgnr","Domaine de la Romanee-Conti, Grands Echezeaux Grand Cru","2011","3x75","£10,100","IB"
"bgnr","Domaine de la Romanee-Conti, Grands Echezeaux Grand Cru","2011","6x75","£20,750","IB"
"bgnr","Domaine de la Romanee-Conti, Grands Echezeaux Grand Cru","2005","3x75","£15,940","IB"
"bgnr","Domaine de la Romanee-Conti, Grands Echezeaux Grand Cru","2005","1x75","£4,750","IB"
"bgnr","Domaine de la Romanee-Conti, La Tache Grand Cru","2016","1x75","£5,690","IB"
"bgnr","Domaine de la Romanee-Conti, La Tache Grand Cru","2013","1x75","£4,700","IB"
"bgnr","Domaine de la Romanee-Conti, La Tache Grand Cru","2012","1x75","£5,250","IB"
"bgnr","Domaine de la Romanee-Conti, La Tache Grand Cru","2011","3x75","£16,900","IB"
"bgnr","Domaine de la Romanee-Conti, La Tache Grand Cru","2010","3x75","£20,740","IB"
"bgnr","Domaine de la Romanee-Conti, La Tache Grand Cru","2007","1x75","£5,495","IB"
"bgnr","Domaine de la Romanee-Conti, La Tache Grand Cru","2006","1x75","£5,250","IB"
"bgnr","Domaine de la Romanee-Conti, La Tache Grand Cru","2006","1x75","£5,250","IB"
"bgnr","Domaine de la Romanee-Conti, La Tache Grand Cru","2006","3x75","£17,800","IB"
"bgnr","Domaine de la Romanee-Conti, La Tache Grand Cru","2002","1x75","£6,850","IB"
"bgnr","Domaine de la Romanee-Conti, La Tache Grand Cru","2000","1x75","£5,250","IB"
"bgnr","Domaine de la Romanee-Conti, La Tache Grand Cru","1998","1x75","£5,250","IB"
"bgnr","Domaine de la Romanee-Conti, La Tache Grand Cru","1996","1x75","£6,250","IB"
"bgnr","Domaine de la Romanee-Conti, La Tache Grand Cru","1994","1x75","£5,100","IB"
"bgnr","Domaine de la Romanee-Conti, Richebourg Grand Cru","2011","3x75","£13,400","IB"
"bgnr","Domaine de la Romanee-Conti, Richebourg Grand Cru","2010","3x75","£17,500","IB"
"bgnr","Domaine de la Romanee-Conti, Richebourg Grand Cru","2009","1x75","£4,995","IB"
"bgnr","Domaine de la Romanee-Conti, Richebourg Grand Cru","2007","3x75","£10,750","IB"
"bgnr","Domaine de la Romanee-Conti, Richebourg Grand Cru","2004","3x75","£10,750","IB"
"bgnr","Domaine de la Romanee-Conti, Richebourg Grand Cru","1997","1x75","£3,250","IB"
"bgnr","Domaine de la Romanee-Conti, Romanee-Conti Grand Cru","2017","1x75","£18,400","IB"
"bgnr","Domaine de la Romanee-Conti, Romanee-Conti Grand Cru","2014","1x75","£18,250","IB"
"bgnr","Domaine de la Romanee-Conti, Romanee-Conti Grand Cru","2007","1x75","£22,000","IB"
"bgnr","Domaine de la Romanee-Conti, Romanee-Conti Grand Cru","2002","1x75","£22,000","IB"
"bgnr","Domaine de la Romanee-Conti, Romanee-Saint-Vivant Grand Cru, Marey-Monge","2016","3x75","£10,750","IB"
"bgnr","Domaine de la Romanee-Conti, Romanee-Saint-Vivant Grand Cru, Marey-Monge","2013","3x75","£9,740","IB"
"bgnr","Domaine de la Romanee-Conti, Romanee-Saint-Vivant Grand Cru, Marey-Monge","2013","6x75","£22,000","IB"
"bgnr","Domaine de la Romanee-Conti, Romanee-Saint-Vivant Grand Cru, Marey-Monge","2007","6x75","£19,720","IB"
"bgnr","Domaine de la Romanee-Conti, Romanee-Saint-Vivant Grand Cru, Marey-Monge","1996","1x75","£3,750","IB"
"bgnr","Domaine de la Romanee-Conti, Vosne-Romanee Premier Cru, Cuvee Duvault-Blochet","2006","3x75","£7,765","IB"
"bgnr","Domaine de la Romanee-Conti, Vosne-Romanee Premier Cru, Cuvee Duvault-Blochet","2002","1x75","£2,740","IB"
"bgnr","Domaine de la Vougeraie, Bonnes Mares Grand Cru","2020","6x75","£1,800","IB"
"bgnr","Domaine de la Vougeraie, Musigny Grand Cru","2020","3x75","£4,460","IB"
"bgnr","Domaine de la Vougeraie, Musigny Grand Cru","2017","6x75","£5,155","IB"
"bgnr","Domaine de Montille, Vosne-Romanee Premier Cru, Aux Malconsorts","2012","6x75","£2,135","IB"
"bgnr","Domaine des Lambrays, Clos des Lambrays Grand Cru","2019","6x75","£2,910","IB"
"bgnr","Domaine Dujac, Bonnes Mares Grand Cru","2020","3x75","£3,915","IB"
"bgnr","Domaine Dujac, Clos de la Roche Grand Cru","1990","1x75","£5,700","IB"
"bgnr","Domaine Dujac, Gevrey-Chambertin Premier Cru, Aux Combottes","2019","6x75","£2,290","IB"
"bgnr","Domaine Dujac, Vosne-Romanee Premier Cru, Les Beaux Monts","2005","12x75","£10,400","IB"
"bgnr","Domaine Duroche, Clos de Beze Grand Cru, Hommage a Philippe","2020","1x150","£17,310","IB"
"bgnr","Domaine Faiveley, Chambertin-Clos de Beze Grand Cru","2020","6x75","£2,250","IB"
"bgnr","Domaine Faiveley, Chambertin-Clos de Beze Grand Cru, Les Ouvrees Rodin","2017","6x75","£3,975","IB"
"bgnr","Domaine Faiveley, Musigny Grand Cru","2015","1x150","£6,970","IB"
"bgnr","Domaine Faiveley, Musigny Grand Cru","2010","1x75","£3,915","IB"
"bgnr","Domaine Francois Lamarche, La Grande Rue Grand Cru","2017","6x75","£2,680","IB"
"bgnr","Domaine Francois Lamarche, La Grande Rue Grand Cru","2017","3x150","£2,700","IB"
"bgnr","Domaine Georges Mugneret Gibourg, Ruchottes-Chambertin Grand Cru","2020","6x75","£10,110","IB"
"bgnr","Domaine Georges Roumier, Chambolle-Musigny Premier Cru, Les Combottes","2020","6x75","£10,750","IB"
"bgnr","Domaine Guyon, Vosne-Romanee, Maizieres Charmes","2020","6x75","£2,910","IB"
"bgnr","Domaine Hoffmann-Jayer, Echezeaux Grand Cru, Echezeaux du Dessus","2019","12x75","£3,670","IB"
"bgnr","Domaine Hudelot­Noellat, Romanee St Vivant ","2020","3x75","£3,995","IB"
"bgnr","Domaine Jacques Prieur, Chambertin Grand Cru","2018","6x75","£2,930","IB"
"bgnr","Domaine Jacques Prieur, Echezeaux Grand Cru","2017","6x75","£2,480","IB"
"bgnr","Domaine Jacques Prieur, Echezeaux Grand Cru","2015","6x75","£2,350","IB"
"bgnr","Domaine Jean Grivot, Vosne-Romanee Premier Cru, Les Beaux Monts","2011","6x75","£2,185","IB"
"bgnr","Domaine Leroy, Clos de Vougeot Grand Cru","2001","1x75","£5,800","IB"
"bgnr","Domaine Leroy, Clos de Vougeot Grand Cru","2000","1x75","£4,995","IB"
"bgnr","Domaine Leroy, Clos de Vougeot Grand Cru","1995","1x75","£4,995","IB"
"bgnr","Domaine Leroy, Latricieres-Chambertin Grand Cru","2011","3x75","£20,950","IB"
"bgnr","Domaine Leroy, Richebourg Grand Cru","1988","2x75","£18,500","IB"
"bgnr","Domaine Leroy, Romanee-Saint-Vivant Grand Cru","1999","2x75","£18,500","IB"
"bgnr","Domaine Leroy, Romanee-Saint-Vivant Grand Cru","1992","1x75","£4,500","IB"
"bgnr","Domaine Leroy, Vosne-Romanee Premier Cru, Les Beaux Monts","2011","3x75","£15,550","IB"
"bgnr","Domaine Louis Jadot, Bonnes Mares Grand Cru","2010","6x75","£2,290","IB"
"bgnr","Domaine Louis Jadot, Chambolle-Musigny Premier Cru, Les Amoureuses","2010","6x75","£2,710","IB"
"bgnr","Domaine Marquis d'Angerville, Volnay Premier Cru, Champans","2007","12x75","£1,700","IB"
"bgnr","Domaine Meo Camuzet, Echezeaux Grand Cru, Les Rouges du Bas","2019","3x75","£2,470","IB"
"bgnr","Domaine Meo Camuzet, Richebourg Grand Cru","2017","6x75","£10,750","IB"
"bgnr","Domaine Meo Camuzet, Vosne-Romanee Premier Cru, Aux Brulees","2016","6x75","£4,540","IB"
"bgnr","Domaine Meo Camuzet, Vosne-Romanee Premier Cru, Les Chaumes","2020","6x75","£1,500","IB"
"bgnr","Domaine Michel Lafarge, Volnay Premier Cru, Clos des Chenes","2019","12x75","£2,560","IB"
"bgnr","Domaine Michel Lafarge, Volnay Premier Cru, Clos du Chateau des Ducs","2019","12x75","£5,155","IB"
"bgnr","Domaine Nicole Lamarche, La Grande Rue Grand Cru","2019","6x75","£2,910","IB"
"bgnr","Domaine Rene Leclerc, Griotte-Chambertin Grand Cru","2020","12x75","£2,340","IB"
"bgnr","Domaine Rossignol-Trapet, Chambertin Grand Cru","2018","12x75","£4,340","IB"
"bgnr","Domaine Rossignol-Trapet, Chapelle-Chambertin Grand Cru","2020","6x75","£2,165","IB"
"bgnr","Domaine Sylvain Cathiard, Chambolle-Musigny, Les Clos de l'Orme","2018","6x75","£1,975","IB"
"bgnr","Domaine Sylvain Cathiard, Nuits-Saint-Georges Premier Cru, Aux Murgers","2002","12x75","£6,550","IB"
"bgnr","Domaine Sylvain Cathiard, Nuits-Saint-Georges Premier Cru, Aux Thorey","2009","12x75","£5,590","IB"
"bgnr","Domaine Sylvain Cathiard, Vosne-Romanee","2016","6x75","£1,750","IB"
"bgnr","Domaine Sylvain Cathiard, Vosne-Romanee Premier Cru, Aux Malconsorts","2009","6x75","£6,720","IB"
"bgnr","Domaine Tortochot, Chambertin Grand Cru","2019","6x75","£2,185","IB"
"bgnr","Emmanuel Rouget, Echezeaux Grand Cru","2008","12x75","£16,800","IB"
"bgnr","Emmanuel Rouget, Vosne-Romanee","2018","12x75","£3,875","IB"
"bgnr","Fougeray de Beauclair, Bonnes Mares Grand Cru","2017","12x75","£1,820","IB"
"bgnr","Fougeray de Beauclair, Bonnes Mares Grand Cru","2017","6x150","£1,850","IB"
"bgnr","Georges Noellat, Echezeaux Grand Cru","2020","6x75","£2,910","IB"
"bgnr","Georges Noellat, Grands Echezeaux Grand Cru","2019","6x75","£3,190","IB"
"bgnr","Henri Boillot, Bonnes Mares Grand Cru","2009","6x75","£2,610","IB"
"bgnr","Henri Boillot, Chambertin Grand Cru","2020","6x75","£2,450","IB"
"bgnr","Henri Naudin-Ferrand (Claire Naudin), Echezeaux Grand Cru","2018","6x150","£10,750","IB"
"bgnr","Hospices de Beaune (Comte Liger Belair), Echezeaux Grand Cru, Cuvee Jean-Luc Bissey","2015","12x75","£10,750","IB"
"bgnr","Jacques-Frederic Mugnier, Chambolle-Musigny","2017","6x75","£2,620","IB"
"bgnr","Jacques-Frederic Mugnier, Chambolle-Musigny Premier Cru, Les Amoureuses","2010","1x75","£3,250","IB"
"bgnr","Jacques-Frederic Mugnier, Musigny Grand Cru","2013","3x150","£16,650","IB"
"bgnr","Jacques-Frederic Mugnier, Musigny Grand Cru","2005","5x75","£19,150","IB"
"bgnr","Jacques-Frederic Mugnier, Musigny Grand Cru","2004","6x75","£10,750","IB"
"bgnr","Jean-Marc Millot, Echezeaux Grand Cru","2015","12x75","£2,005","IB"
"bgnr","Jean-Marie Fourrier, Chambertin Grand Cru, Vieille Vigne","2014","3x150","£3,200","IB"
"bgnr","Jean-Marie Fourrier, Chambertin Grand Cru, Vieille Vigne","2013","1x300","£2,175","IB"
"bgnr","Joseph Drouhin, Beaune Premier Cru, Le Clos des Mouches Rouge","2002","12x75","£1,975","IB"
"bgnr","Joseph Drouhin, Chambertin-Clos de Beze Grand Cru","2020","6x75","£2,590","IB"
"bgnr","Joseph Drouhin, Chambertin-Clos de Beze Grand Cru","2018","6x75","£2,360","IB"
"bgnr","Joseph Drouhin, Chambertin-Clos de Beze Grand Cru","2018","6x75","£2,250","IB"
"bgnr","Joseph Drouhin, Griotte-Chambertin Grand Cru","2000","12x75","£4,820","IB"
"bgnr","Joseph Roty, Charmes-Chambertin Grand Cru, Tres Vieilles Vignes","2018","12x75","£3,570","IB"
"bgnr","Joseph Roty, Charmes-Chambertin Grand Cru, Tres Vieilles Vignes","2014","6x150","£3,190","IB"
"bgnr","Joseph Roty, Charmes-Chambertin Grand Cru, Tres Vieilles Vignes","2011","6x75","£1,650","IB"
"bgnr","Joseph Roty, Mazis-Chambertin Grand Cru","2019","3x150","£2,830","IB"
"bgnr","Joseph Roty, Mazis-Chambertin Grand Cru","2018","6x150","£4,440","IB"
"bgnr","Joseph Roty, Mazis-Chambertin Grand Cru","2013","6x150","£3,340","IB"
"bgnr","Joseph Roty, Mazis-Chambertin Grand Cru","2006","12x75","£4,970","IB"
"bgnr","Laurent Ponsot, Chambertin-Clos de Beze Grand Cru, Cuvee du Frene","2017","6x75","£2,760","IB"
"bgnr","Laurent Ponsot, Charmes-Chambertin Grand Cru, Cuvee du Cypres","2018","6x75","£2,055","IB"
"bgnr","Laurent Ponsot, Griotte-Chambertin Grand Cru, Cuvee du Saule","2016","6x75","£1,900","IB"
"bgnr","Louis Latour, Romanee-Saint-Vivant Grand Cru, Les Quatre Journaux","2017","6x75","£2,310","IB"
"bgnr","Louis Latour, Romanee-Saint-Vivant Grand Cru, Les Quatre Journaux","2013","6x75","£1,870","IB"
"bgnr","Lucien Le Moine, Clos Saint-Denis Grand Cru","2019","6x75","£1,880","IB"
"bgnr","Maison Leroy, Beaune Premier Cru, Les Sizies","1983","6x75","£3,965","IB"
"bgnr","Maison Leroy, Chorey-les-Beaune","2014","12x75","£3,350","IB"
"bgnr","Maison Leroy, Morey-Saint-Denis","1984","12x75","£5,910","IB"
"bgnr","Maison Roche de Bellene, Chambertin Grand Cru","2019","6x75","£2,005","IB"
"bgnr","Maison Roche de Bellene, Richebourg Grand Cru","2019","6x75","£3,695","IB"
"bgnr","Maison Roche de Bellene, Romanee-Saint-Vivant Grand Cru","2019","6x75","£3,635","IB"
"bgnr","Maison Roche de Bellene, Romanee-Saint-Vivant Grand Cru","2017","6x75","£3,120","IB"
"bgnr","Millemann, Bonnes Mares Grand Cru","2020","1x75","£2,430","IB"
"bgnr","Millemann, Bonnes Mares Grand Cru","2019","1x75","£2,145","IB"
"bgnr","Millemann, Chambertin Grand Cru","2020","1x75","£2,710","IB"
"bgnr","Olivier Bernstein, Gevrey-Chambertin Premier Cru, Champeaux","2019","3x75","£1,650","IB"
"bgnr","Perrot Minot, Nuits-Saint-Georges Premier Cru, La Richemone Ultra Vieilles Vignes","2017","6x75","£2,230","IB"
"bgnr","Perrot-Minot, Chambertin Grand Cru, Vieilles Vignes","2015","6x75","£5,690","IB"
"bgnr","Perrot-Minot, Chambertin-Clos de Beze Grand Cru, Vieilles Vignes","2017","6x75","£5,850","IB"
"bgnr","Perrot-Minot, Chambertin-Clos de Beze Grand Cru, Vieilles Vignes","2012","6x75","£5,175","IB"
"bgnr","Perrot-Minot, Mazoyeres-Chambertin Grand Cru, Vieilles Vignes","2019","6x75","£4,155","IB"
"bgnr","Philippe Pacalet, Clos de Vougeot Grand Cru","2020","12x75","£6,300","IB"
"bgnr","Philippe Pacalet, Corton Grand Cru, Les Bressandes","2019","12x75","£3,030","IB"
"bgnr","Pierre Damoy, Chapelle-Chambertin Grand Cru","2015","6x75","£4,310","IB"
"bgnr","Prieure Roch, Nuits-Saint-Georges Premier Cru","2009","6x75","£4,770","IB"
"bgnr","Prieure Roch, Nuits-Saint-Georges Premier Cru, Clos des Corvees","2020","6x75","£4,610","IB"
"bgnr","Prieure Roch, Vosne-Romanee Premier Cru, Les Suchots","2014","6x75","£4,610","IB"
"bgnr","Robert Groffier, Chambolle-Musigny Premier Cru, Les Amoureuses","2018","12x75","£6,180","IB"
"bgnr","Thibault Liger-Belair, Richebourg Grand Cru","2012","6x75","£6,920","IB"
"bgnr","Trapet Pere et Fils, Chambertin Grand Cru","2006","6x75","£3,190","IB"
"bgnw","Arnaud Ente, Meursault","2016","6x75","£3,540","IB"
"bgnw","Arnaud Ente, Meursault, Clos Des Ambres","2016","6x75","£5,160","IB"
"bgnw","Arnaud Ente, Meursault, Clos Des Ambres","2015","6x75","£6,350","IB"
"bgnw","Arnaud Ente, Meursault, Les Petits Charrons","2010","6x75","£9,500","IB"
"bgnw","Arnaud Ente, Meursault, Seve Clos","2010","1x150","£2,695","IB"
"bgnw","Bouchard Pere et Fils, Montrachet Grand Cru","2018","6x75","£3,180","IB"
"bgnw","Buisson-Charles, Corton-Charlemagne Grand Cru","2020","12x75","£2,335","IB"
"bgnw","Buisson-Charles, Puligny-Montrachet Premier Cru, Champ Gain","2020","12x75","£1,760","IB"
"bgnw","Caroline Morey, Chassagne-Montrachet Premier Cru, Cailleret","2020","6x75","£1,980","IB"
"bgnw","Coche-Dury, Puligny-Montrachet, Les Enseigneres","2009","6x75","£8,800","IB"
"bgnw","Domaine Bernard Bonin, Meursault Premier Cru, Charmes Dessus","2019","6x75","£4,880","IB"
"bgnw","Domaine Bonneau du Martray, Corton-Charlemagne Grand Cru","2014","6x75","£2,595","IB"
"bgnw","Domaine d'Auvenay, Auxey-Duresses, Les Clous Blanc","2011","3x75","£14,750","IB"
"bgnw","Domaine d'Auvenay, Meursault, Les Narvaux","2007","3x75","£22,000","IB"
"bgnw","Domaine de la Romanee-Conti, Corton-Charlemagne Grand Cru","2019","2x75","£22,500","IB"
"bgnw","Domaine de la Vougeraie, Chevalier-Montrachet Grand Cru","2020","6x75","£2,695","IB"
"bgnw","Domaine des Comtes Lafon, Meursault Premier Cru, Charmes","2015","6x75","£2,885","IB"
"bgnw","Domaine des Comtes Lafon, Montrachet Grand Cru","2018","1x75","£2,885","IB"
"bgnw","Domaine des Comtes Lafon, Montrachet Grand Cru","2005","1x75","£3,550","IB"
"bgnw","Domaine Faiveley, Bienvenues-Batard-Montrachet Grand Cru","2018","6x75","£1,960","IB"
"bgnw","Domaine Fontaine-Gagnard, Batard-Montrachet Grand Cru","2020","6x75","£2,040","IB"
"bgnw","Domaine Fontaine-Gagnard, Batard-Montrachet Grand Cru","2020","3x150","£1,950","IB"
"bgnw","Domaine Fontaine-Gagnard, Criots-Batard-Montrachet Grand Cru","2014","12x75","£3,760","IB"
"bgnw","Domaine Francois Raveneau, Chablis Premier Cru, Butteaux","2020","6x75","£4,305","IB"
"bgnw","Domaine Francois Raveneau, Chablis Premier Cru, Montmains","2017","6x75","£3,570","IB"
"bgnw","Domaine Francois Raveneau, Chablis Premier Cru, Vaillons","2020","6x75","£3,400","IB"
"bgnw","Domaine Georges Roumier, Corton-Charlemagne Grand Cru","2018","12x75","£12,750","IB"
"bgnw","Domaine Henri Boillot, Batard-Montrachet Grand Cru","2020","6x75","£3,560","IB"
"bgnw","Domaine Leflaive, Batard-Montrachet Grand Cru","1997","3x75","£5,100","IB"
"bgnw","Domaine Leflaive, Bienvenues-Batard-Montrachet Grand Cru","2019","3x75","£3,810","IB"
"bgnw","Domaine Leflaive, Bienvenues-Batard-Montrachet Grand Cru","2012","3x75","£3,440","IB"
"bgnw","Domaine Leflaive, Chevalier-Montrachet Grand Cru","2020","3x75","£6,330","IB"
"bgnw","Domaine Leflaive, Chevalier-Montrachet Grand Cru","2020","6x75","£11,900","IB"
"bgnw","Domaine Leflaive, Macon, Le Monte","2018","12x75","£3,650","IB"
"bgnw","Domaine Leflaive, Montrachet Grand Cru","2013","1x75","£15,000","IB"
"bgnw","Domaine Leflaive, Puligny-Montrachet Premier Cru, Les Folatieres","2020","6x75","£3,290","IB"
"bgnw","Domaine Leflaive, Puligny-Montrachet Premier Cru, Les Folatieres","2015","6x75","£2,575","IB"
"bgnw","Domaine Leflaive, Puligny-Montrachet Premier Cru, Les Pucelles","2020","6x75","£3,680","IB"
"bgnw","Domaine Leflaive, Puligny-Montrachet Premier Cru, Les Pucelles","2012","6x75","£3,620","IB"
"bgnw","Domaine Roulot, Meursault Premier Cru, Clos des Boucheres","2020","3x75","£2,595","IB"
"bgnw","Etienne Sauzet, Batard-Montrachet Grand Cru","2017","3x75","£1,950","IB"
"bgnw","Guffens Heynen, Pouilly-Fuisse, 1er Jus des Hauts de Vignes","2017","12x75","£9,200","IB"
"bgnw","Guy Amiot, Montrachet Grand Cru","2020","6x75","£4,305","IB"
"bgnw","Hubert Lamy, Saint-Aubin Premier Cru, Derriere Chez Edouard Saint Aubin Cuvee Haute Densite","2020","6x75","£8,700","IB"
"bgnw","Jean-Claude Ramonet, Bienvenues-Batard-Montrachet Grand Cru","2019","6x75","£6,350","IB"
"bgnw","Jean-Claude Ramonet, Bienvenues-Batard-Montrachet Grand Cru","2015","6x75","£5,470","IB"
"bgnw","Jean-Claude Ramonet, Chassagne-Montrachet Premier Cru, La Boudriotte Blanc","2020","6x75","£1,740","IB"
"bgnw","Jean-Claude Ramonet, Chassagne-Montrachet Premier Cru, Les Ruchottes","2017","6x75","£4,495","IB"
"bgnw","Kei Shiogai, Bourgogne, Pellans","2020","6x75","£1,850","IB"
"bgnw","Lamy-Caillat, Bourgogne, Blanc","2018","6x75","£2,335","IB"
"bgnw","Louis Latour, Batard-Montrachet Grand Cru, Clos Poirier","2019","6x75","£2,500","IB"
"bgnw","Maison Leroy, Auxey-Duresses, Blanc","2018","12x75","£5,560","IB"
"bgnw","Maison Leroy, Chassagne-Montrachet Premier Cru","2011","6x75","£2,955","IB"
"bgnw","Maison Leroy, Saint-Aubin, Blanc","2018","12x75","£5,400","IB"
"bgnw","Maison Louis Latour, Chevalier-Montrachet Grand Cru, Demoiselles","2014","6x75","£1,950","IB"
"bgnw","Maison Louis Latour, Montrachet Grand Cru","2020","6x75","£2,715","IB"
"bgnw","Maison Louis Latour, Montrachet Grand Cru","2019","6x75","£2,855","IB"
"bgnw","Maison Roche de Bellene, Montrachet Grand Cru","2018","6x75","£3,230","IB"
"bgnw","Marc Colin et Fils, Montrachet Grand Cru","2015","6x75","£5,070","IB"
"bgnw","Marc Colin et Fils, Montrachet Grand Cru","2013","6x75","£5,390","IB"
"bgnw","Marc Colin et Fils, Montrachet Grand Cru","2012","6x75","£5,340","IB"
"bgnw","Marc Colin et Fils, Montrachet Grand Cru","2011","6x75","£5,440","IB"
"bgnw","Pierre Girardin, Corton-Charlemagne Grand Cru, La Croix","2020","6x75","£2,365","IB"
"bgnw","Pierre Girardin, Montrachet Grand Cru","2019","6x75","£10,900","IB"
"bgnw","Pierre Morey, Meursault Premier Cru, Perrieres Blanc","2020","12x75","£2,445","IB"
"bgnw","Pierre Morey, Puligny-Montrachet Premier Cru, Champ Gain","2020","12x75","£1,920","IB"
"bgnw","Remoissenet Pere & Fils, Montrachet Grand Cru","2018","3x75","£1,750","IB"
"bgnw","Vincent Dauvissat, Chablis Premier Cru, Montee de Tonnerre","2015","12x75","£4,000","IB"
"Champagne","Boerl & Kroff, Brut","2006","1x150","£2,310","IB"
"Champagne","Boerl & Kroff, Brut","1995","1x150","£2,160","IB"
"Champagne","Dom Perignon, Luminous","2010","3x150","£1,830","IB"
"Champagne","Dom Perignon, Oenotheque","1995","3x75","£1,850","IB"
"Champagne","Dom Perignon, P2","1998","6x75","£2,570","IB"
"Champagne","Egly-Ouriet, Brut Millesime Grand Cru","2013","6x75","£3,800","IB"
"Champagne","Egly-Ouriet, Brut Millesime Grand Cru","2013","3x75","£1,860","IB"
"Champagne","Egly-Ouriet, Brut Millesime Grand Cru","2008","6x75","£4,500","IB"
"Champagne","Georges Laval, Brut Nature Cumieres Premier Cru","2017","6x75","£5,280","IB"
"Champagne","Georges Laval, Longues Violes Brut Nature Premier Cru","2015","6x75","£2,650","IB"
"Champagne","Jacques Selosse, Exquise","NV","6x75","£2,850","IB"
"Champagne","Jacques Selosse, Millesime","2008","6x75","£18,650","IB"
"Champagne","Jacques Selosse, Millesime","2008","1x75","£3,040","IB"
"Champagne","Jacques Selosse, Millesime","2006","1x75","£1,860","IB"
"Champagne","Krug, Clos d'Ambonnay","2002","1x75","£2,790","IB"
"Champagne","Krug, Collection","1989","2x75","£2,030","IB"
"Champagne","Krug, Collection","1985","1x75","£1,930","IB"
"Champagne","Louis Roederer, Cristal","2014","6x75","£1,325","IB"
"Champagne","Louis Roederer, Cristal","2013","6x75","£1,500","IB"
"Champagne","Louis Roederer, Cristal DP","2014","6x75","£1,325","IB"
"Champagne","Michel Fallon, Ozanne Blanc de Blancs Grand Cru","NV","6x75","£2,010","IB"
"Champagne","Moet & Chandon, Dom Perignon","2008","3x150","£1,500","IB"
"Champagne","Pol Roger, Brut Vintage","1982","1x1500","£4,900","IB"
"Champagne","Salon, Le Mesnil-sur-Oger Grand Cru","1997","3x75","£3,350","IB"
"Champagne","Salon, Le Mesnil-sur-Oger Grand Cru","1996","6x75","£7,700","IB"
"Champagne","Taittinger Comtes de Champagne","2012","6x75","£810","IB"
"ger","Dr. Loosen, Erdener Pralat Riesling Auslese Lange Goldkapsel Auktion, Mosel","2015","6x75","£2,010","IB"
"ger","Dr. Loosen, Erdener Pralat Riesling Auslese Lange Goldkapsel, Mosel","2014","6x75","£1,920","IB"
"ger","Egon Muller, Scharzhofberger Riesling Auslese, Mosel","2019","6x75","£3,030","IB"
"ger","Egon Muller, Scharzhofberger Riesling Auslese, Mosel","2017","6x75","£2,310","IB"
"ger","Egon Muller, Scharzhofberger Riesling TBA, Mosel","2017","1x37.5","£5,370","IB"
"ger","Franz Xaver Pichler, Unendlich Gruner Veltliner Smaragd, Wachau","2018","6x75","£1,800","IB"
"ger","Joh. Jos. Prum, Graacher Himmelreich Riesling Auslese Lange Goldkapsel Auktion, Mosel","2016","12x37.5","£2,380","IB"
"ger","Joh. Jos. Prum, Graacher Himmelreich Riesling Auslese Lange Goldkapsel Auktion, Mosel","2016","6x75","£2,440","IB"
"ger","Karthauserhof, Eitelsbacher Karthauserhofberg Riesling Trockenbeerenauslese Auktion Nr20, Mosel","2005","6x75","£2,490","IB"
"ger","Keller, Piesporter Schubertslay Alte Reben Kabinett Auction, Mosel","2018","6x75","£3,425","IB"
"ger","Keller, Von den Grossen Lagen Assortment Case, Rheinhessen","2020","12x75","£4,355","IB"
"ger","Keller, Von den Grossen Lagen Assortment Case, Rheinhessen","2019","12x75","£4,980","IB"
"ger","Keller, Von den Grossen Lagen Assortment Case, Rheinhessen","2018","12x75","£4,720","IB"
"ger","Keller, Von den Grossen Lagen Assortment Case, Rheinhessen","2016","12x75","£4,410","IB"
"ger","Markus Molitor, Erdener Pralat Riesling Auslese 3* White Capsule, Mosel","2018","6x75","£2,770","IB"
"ger","Schlossgut Diel, Burg Layer Johannisberg Riesling TBA Auktion, Nahe","2015","6x37.5","£1,700","IB"
"ger","Schlossgut Diel, Burg Layer Johannisberg Riesling TBA Auktion, Nahe","2015","6x75","£3,425","IB"
"ger","Von Schubert, Maximin Grunhauser Abtsberg Riesling TBA, Mosel","1995","6x75","£2,360","IB"
"ita","Bartolo Mascarello, Barolo, Artist Label (Etichetta Disegnata)","2018","6x75","£2,230","IB"
"ita","Bibi Graetz, Colore Rossa, Toscana","2005","6x75","£1,850","IB"
"ita","Biondi-Santi, Brunello di Montalcino, Riserva","2006","6x75","£2,340","IB"
"ita","Bruno Giacosa, Barbaresco, Asili Riserva","2016","6x75","£1,890","IB"
"ita","Bruno Giacosa, Barolo, Falletto di Serralunga d'Alba Riserva","1990","6x75","£7,460","IB"
"ita","Bruno Giacosa, Barolo, Falletto Le Rocche del Falletto di Serralunga d'Alba Riserva","2001","3x150","£5,495","IB"
"ita","Bruno Giacosa, Barolo, Falletto Le Rocche del Falletto di Serralunga d'Alba Riserva","2001","6x75","£5,495","IB"
"ita","Cappellano, Barolo, Pie Franco","2016","1x150","£2,470","IB"
"ita","Cappellano, Barolo, Pie Franco","2016","3x75","£3,320","IB"
"ita","Cappellano, Barolo, Pie Franco","2013","1x150","£1,760","IB"
"ita","Cappellano, Barolo, Pie Franco","2011","6x75","£3,240","IB"
"ita","Cappellano, Barolo, Pie Rupestris","2012","12x75","£2,140","IB"
"ita","Casanova di Neri, Brunello Montalcino Tenuta Nuova, Brunello di Montalcino,","2015","6x75","£410","IB"
"ita","Comm. G.B. Burlotto, Barolo, Monvigliero","2018","6x75","£1,770","IB"
"ita","Comm. G.B. Burlotto, Barolo, Monvigliero","2015","6x75","£2,080","IB"
"ita","Gaja, Barbaresco, Single Vineyard Assortment Case","2006","6x75","£2,610","IB"
"ita","Gaja, Barbaresco, Sori Tildin","2016","6x75","£2,080","IB"
"ita","Gaja, Langhe, Darmagi","1984","12x75","£3,450","IB"
"ita","Gaja, Langhe, Gaia & Rey","2006","6x75","£2,030","IB"
"ita","Giacomo Conterno, Barolo, Francia Cascina","2006","12x75","£3,010","IB"
"ita","Giacomo Conterno, Barolo, Monfortino Riserva","2014","1x150","£1,900","IB"
"ita","Giacomo Conterno, Barolo, Monfortino Riserva","2014","3x75","£2,960","IB"
"ita","Giuseppe Mascarello e Figlio, Barolo, Monprivato Ca D'Morissio Riserva","2013","6x75","£2,440","IB"
"ita","Giuseppe Rinaldi, Barolo, Brunate","2017","12x75","£3,190","IB"
"ita","Giuseppe Rinaldi, Barolo, Cannubi S.Lorenzo Ravera","2006","12x75","£4,200","IB"
"ita","Giuseppe Rinaldi, Barolo, Tre Tine","2018","12x75","£2,910","IB"
"ita","Giuseppe Rinaldi, Barolo, Tre Tine","2015","12x75","£2,900","IB"
"ita","Lorenzo Accomasso, Barolo, Annunziata Riserva","2015","12x75","£2,230","IB"
"ita","Montevertine, Le Pergole Torte, Toscana IGT","2016","1x600","£1,800","IB"
"ita","Pio Cesare, Barbaresco","2010","12x75","£1,720","IB"
"ita","Roagna, Barbaresco, Montefico Vecchie Viti","2017","6x75","£1,980","IB"
"ita","Roagna, Barbaresco, Paje Crichet","2007","6x75","£3,800","IB"
"ita","Roagna, Barbaresco, Paje Crichet Riserva","2004","1x75","£7,000","IB"
"ita","Roagna, Barbaresco, Paje Vecchie Viti","2017","6x75","£1,980","IB"
"ita","Roagna, Barolo, Pira Vecchie Viti","2015","6x75","£2,620","IB"
"ita","Sassicaia","2018","6x75","£1,295","IB"
"ita","Sassicaia","2019","6x75","£1,395","IB"
"ita","Soldera Case Basse, 100% Sangiovese, Toscana","2017","6x75","£3,020","IB"
"ita","Tenuta dell'Ornellaia, Masseto, Toscana","2003","6x75","£3,950","IB"
"ita","Tenuta dell'Ornellaia, Masseto, Toscana","2002","6x75","£4,350","IB"
"ita","Tignanello, Toscana","2009","12x75","£1,750","IB"
"Loire","Edmond Vatan, Sancerre, Clos Neore","2017","3x150","£2,240","IB"
"Loire","Edmond Vatan, Sancerre, Clos Neore","2014","6x75","£2,700","IB"
"Rhone","Chateau Rayas, Chateauneuf-du-Pape","2011","6x75","£7,500","IB"
"Rhone","Chateau Rayas, Chateauneuf-du-Pape","2010","6x75","£7,900","IB"
"Rhone","Chateau Rayas, Chateauneuf-du-Pape","2009","12x75","£17,190","IB"
"Rhone","Chateau Rayas, Chateauneuf-du-Pape","2009","6x75","£8,550","IB"
"Rhone","Chateau Rayas, Chateauneuf-du-Pape","2007","12x75","£17,190","IB"
"Rhone","Domaine Jamet, Cote Rotie","2019","12x75","£1,890","IB"
"Rhone","Domaine Rostaing, Cote Rotie, Cote Brune","2016","6x75","£3,500","IB"
"Rhone","E. Guigal, Cote Rotie, La Landonne","2009","6x75","£2,740","IB"
"Rhone","E. Guigal, Cote Rotie, La Landonne","2005","12x75","£7,100","IB"
"Rhone","E. Guigal, Cote Rotie, La Mouline","2017","12x75","£2,445","IB"
"Rhone","E. Guigal, Cote Rotie, La Turque","2017","12x75","£2,500","IB"
"Rhone","Henri Bonneau, Chateauneuf-du-Pape, Reserve Celestins","2010","6x75","£3,550","IB"
"Rhone","Henri Bonneau, Chateauneuf-du-Pape, Reserve Celestins","2010","12x75","£7,000","IB"
"Rhone","Henri Bonneau, Chateauneuf-du-Pape, Reserve Celestins","2007","12x75","£4,890","IB"
"Rhone","Henri Bonneau, Chateauneuf-du-Pape, Reserve Celestins","2005","6x75","£4,600","IB"
"spa","Aalto, 20th Anniversary Limited Edition, Ribera del Duero","NV","1x300","£1,670","IB"
"spa","Alvaro Palacios, L'Ermita, Priorat","2005","6x75","£4,000","IB"
"spa","Dominio de Pingus, Ribera del Duero, Pingus","2020","3x75","£2,300","IB"
"spa","Dominio de Pingus, Ribera del Duero, Pingus","2014","6x75","£5,800","IB"
"usa","Abreu, Madrona Ranch, Napa Valley","2016","3x75","£1,775","IB"
"usa","Bevan Cellars, Wildfoote Vineyard Vixen Block Cabernet Sauvignon, Stags Leap District","2013","12x75","£2,770","IB"
"usa","Bond, Assortment Case, Napa Valley","2018","5x75","£3,290","IB"
"usa","Bond, Melbury, Napa Valley","2013","6x75","£3,260","IB"
"usa","Bryant Family Vineyard, Cabernet Sauvignon, Napa Valley","2013","6x75","£3,450","IB"
"usa","Colgin, Cariad, Napa Valley","2016","3x75","£1,760","IB"
"usa","Harlan Estate, Napa Valley","2020","6x75","£7,000","IB"
"usa","Harlan Estate, Napa Valley","2018","3x75","£3,600","IB"
"usa","Harlan Estate, Napa Valley","2017","1x150","£2,010","IB"
"usa","Harlan Estate, Napa Valley","2017","3x75","£2,840","IB"
"usa","Harlan Estate, Napa Valley","2015","6x75","£6,500","IB"
"usa","Harlan Estate, Napa Valley","2014","3x75","£2,900","IB"
"usa","Harlan Estate, Napa Valley","2011","1x150","£1,750","IB"
"usa","Harlan Estate, Napa Valley","2010","3x150","£5,800","IB"
"usa","Harlan Estate, Napa Valley","2010","1x150","£2,325","IB"
"usa","Harlan Estate, Napa Valley","2005","1x150","£2,125","IB"
"usa","Harlan Estate, Napa Valley","2004","1x150","£1,750","IB"
"usa","Harlan Estate, Napa Valley","2004","1x150","£2,140","IB"
"usa","Harlan Estate, Napa Valley","2002","6x75","£9,580","IB"
"usa","Harlan Estate, Napa Valley","2000","1x150","£1,750","IB"
"usa","Harlan Estate, Napa Valley","1998","1x150","£1,990","IB"
"usa","Hundred Acre, The Ark Vineyard, Napa Valley","2016","3x75","£1,960","IB"
"usa","Hundred Acre, The Ark Vineyard, Napa Valley","2007","6x75","£4,240","IB"
"usa","Myriad, Beckstoffer Dr. Crane Vineyard Cabernet Sauvignon, Napa Valley","2012","6x150","£2,300","IB"
"usa","Philip Togni, Cabernet Sauvignon, Napa Valley","2013","12x75","£2,140","IB"
"usa","Promontory, Napa Valley","2018","3x75","£2,100","IB"
"usa","Promontory, Napa Valley","2017","3x75","£2,230","IB"
"usa","Promontory, Napa Valley","2016","3x75","£2,195","IB"
"usa","Promontory, Napa Valley","2014","3x75","£2,010","IB"
"usa","Promontory, Napa Valley","2013","3x75","£1,830","IB"
"usa","Promontory, Napa Valley","2011","3x75","£2,105","IB"
"usa","Promontory, Napa Valley","2010","3x75","£2,085","IB"
"usa","Promontory, Napa Valley","2009","3x75","£2,085","IB"
"usa","Robert Mondavi Winery, Reserve Cabernet Sauvignon, Napa Valley","1978","12x75","£4,000","IB"
"usa","Scarecrow, Cabernet Sauvignon, Rutherford","2017","3x75","£1,910","IB"
"usa","Scarecrow, Cabernet Sauvignon, Rutherford","2016","3x75","£2,445","IB"
"usa","Scarecrow, Cabernet Sauvignon, Rutherford","2011","3x75","£1,750","IB"
"usa","Screaming Eagle, Cabernet Sauvignon, Oakville","2020","3x75","£9,275","IB"
"usa","Screaming Eagle, Cabernet Sauvignon, Oakville","2020","3x75","£9,500","IB"
"usa","Screaming Eagle, Cabernet Sauvignon, Oakville","2019","3x75","£9,070","IB"
"usa","Screaming Eagle, Cabernet Sauvignon, Oakville","2019","1x75","£3,200","IB"
"usa","Screaming Eagle, Cabernet Sauvignon, Oakville","2019","3x75","£9,295","IB"
"usa","Screaming Eagle, Cabernet Sauvignon, Oakville","2018","3x75","£9,170","IB"
"usa","Screaming Eagle, Cabernet Sauvignon, Oakville","2016","3x75","£9,250","IB"
"usa","Screaming Eagle, Cabernet Sauvignon, Oakville","2015","3x75","£10,000","IB"
"usa","Screaming Eagle, Cabernet Sauvignon, Oakville","2013","3x75","£9,875","IB"
"usa","Screaming Eagle, Cabernet Sauvignon, Oakville","2012","3x75","£9,890","IB"
"usa","Screaming Eagle, Cabernet Sauvignon, Oakville","2011","1x150","£5,690","IB"
"usa","Screaming Eagle, Cabernet Sauvignon, Oakville","2011","3x75","£8,970","IB"
"usa","Screaming Eagle, Cabernet Sauvignon, Oakville","2011","1x150","£5,995","IB"
"usa","Screaming Eagle, Cabernet Sauvignon, Oakville","2010","3x75","£11,000","IB"
"usa","Screaming Eagle, Cabernet Sauvignon, Oakville","2009","3x75","£9,580","IB"
"usa","Screaming Eagle, Cabernet Sauvignon, Oakville","2008","3x75","£9,150","IB"
"usa","Screaming Eagle, Cabernet Sauvignon, Oakville","2008","3x75","£9,530","IB"
"usa","Screaming Eagle, Cabernet Sauvignon, Oakville","2007","3x75","£12,000","IB"
"usa","Screaming Eagle, Cabernet Sauvignon, Oakville","2002","1x75","£3,150","IB"
"usa","Screaming Eagle, Cabernet Sauvignon, Oakville","1996","1x75","£3,800","IB"
"usa","Screaming Eagle, Cabernet Sauvignon, Oakville","1994","3x75","£15,000","IB"
"usa","Screaming Eagle, The Flight, Oakville","2018","3x75","£2,520","IB"
"usa","Screaming Eagle, The Flight, Oakville","2017","3x75","£2,225","IB"
"usa","Screaming Eagle, The Flight, Oakville","2015","3x75","£2,730","IB"
"usa","Shafer, Hillside Select, Stags Leap District","2017","6x150","£2,670","IB"
"usa","Sine Qua Non, Assortment Case, California","2019","2x150","£1,650","IB"
"usa","Sine Qua Non, Distenta I Grenache, California","2019","6x75","£1,670","IB"
"usa","Sine Qua Non, Distenta II Grenache, California","2020","6x75","£1,790","IB"
"usa","Sine Qua Non, Distenta II Syrah, California","2020","6x75","£1,790","IB"
"usa","Sine Qua Non, Eleven Confessions Collectors Case, Sta. Rita Hills","2017","6x75","£2,495","IB"
"usa","Sine Qua Non, Eleven Confessions Collectors Case, Sta. Rita Hills","2016","6x75","£2,810","IB"
"usa","Sine Qua Non, Eleven Confessions Collectors Case, Sta. Rita Hills","2013","6x75","£2,940","IB"
"usa","Sine Qua Non, Eleven Confessions Collectors Case, Sta. Rita Hills","2012","6x75","£2,995","IB"
"usa","Sine Qua Non, Eleven Confessions Collectors Case, Sta. Rita Hills","2012","2x150","£2,205","IB"
"usa","Sine Qua Non, Eleven Confessions Collectors Case, Sta. Rita Hills","2012","6x75","£3,240","IB"
"usa","Sine Qua Non, Eleven Confessions Collectors Case, Sta. Rita Hills","2010","6x75","£4,820","IB"
"usa","Sine Qua Non, Eleven Confessions Collectors Case, Sta. Rita Hills","2009","2x150","£2,010","IB"
"usa","Sine Qua Non, Eleven Confessions Collectors Case, Sta. Rita Hills","2007","2x150","£3,640","IB"
"usa","Sine Qua Non, Eleven Confessions Collectors Case, Sta. Rita Hills","2007","6x75","£5,040","IB"
"usa","Sine Qua Non, Eleven Confessions Collectors Case, Sta. Rita Hills","2006","6x75","£5,970","IB"
"usa","Sine Qua Non, Heart Chorea, California","2002","2x75","£4,070","IB"
"usa","Sine Qua Non, Labels & Pictures Assortment Case, California","2007","2x150","£1,650","IB"
"usa","Sine Qua Non, Papa, California","2003","12x75","£7,070","IB"
"usa","Sine Qua Non, Profuga Grenache, Central Coast","2018","6x75","£1,660","IB"
"usa","Sine Qua Non, Ratsel 16, California","2016","6x75","£1,710","IB"
"usa","Sine Qua Non, Ratsel 16, California","2016","12x75","£3,490","IB"
"usa","Sine Qua Non, Raven No8 Grenache & Raven No10 Syrah Assortment Case, California","2006","2x150","£1,790","IB"
"usa","Sine Qua Non, Stein, California","2012","6x75","£1,790","IB"
"usa","Sine Qua Non, Stock, California","2012","6x75","£1,710","IB"
"usa","Sine Qua Non, The Thrill of Stamp Collecting, California","2009","12x75","£4,560","IB"
"usa","Sine Qua Non, Ziehharmonika Syrah, Central Coast","2018","12x75","£3,110","IB"
"usa","Verite, La Joie, Sonoma County","2008","6x75","£2,030","IB"
"usaw","Aubert, Larry Hyde & Sons Chardonnay, Los Carneros","2020","12x75","£2,200","IB"
"usaw","Aubert, Park Avenue Chardonnay, Sonoma Coast","2020","12x75","£2,200","IB"
"usaw","Aubert, Sugar Shack, Sonoma County","2020","12x75","£2,200","IB"
"usaw","Screaming Eagle, Sauvignon Blanc, Oakville","2019","3x75","£10,250","IB"
"usaw","Screaming Eagle, Sauvignon Blanc, Oakville","2019","3x75","£8,725","IB"
"usaw","Screaming Eagle, Sauvignon Blanc, Oakville","2019","1x75","£3,450","IB"
"usaw","Screaming Eagle, Sauvignon Blanc, Oakville","2018","3x75","£10,250","IB"
